strategy,extra_on_orbit_satellites,ground_spares,total_on_orbit_satellites,initial_launch_number,five_year_expected_failures,probability_no_failure,probability_at_least_one_failure,probability_at_least_two_failures,inventory_sufficiency_probability,expected_used_ground_spares,initial_manufacturing_cost_yuan,initial_launch_cost_yuan,five_year_additional_avoidance_cost_yuan,expected_replacement_launch_cost_dedicated_yuan,expected_replacement_launch_cost_rideshare_yuan,expected_total_cost_dedicated_yuan,expected_total_cost_rideshare_yuan,immediate_redundancy_description
基准方案：不额外配置,0,0,1968,0,0.0709186781616,0.9315376434011341,0.0684623565988659,0.0023989382710856155,0.9315376434011341,0,0.0,0.0,0.0,0.0,0.0,0.0,0.0,依靠原星座本身的单星退出鲁棒性
方案一：每轨道面增加1颗在轨星,41,0,2009,1,0.0723961506233,0.9301623384237696,0.06983766157623039,0.0024974888195822276,1.0,0,205000000.0,200000000.0,558089.2530000001,0.0,0.0,405558089.253,405558089.253,41颗冗余星均匀分散于各轨道面，实时响应能力强
方案二：增加1个额外轨道面,48,0,2016,1,0.0726484020192,0.9299277332664718,0.07007226673352818,0.0025145029183821777,1.0,0,240000000.0,200000000.0,653372.7840000001,0.0,0.0,440653372.784,440653372.784,增加48颗卫星，强化跨轨覆盖与链路冗余
方案三：1颗地面备用星,0,1,1968,0,0.0709186781616,0.9315376434011341,0.0684623565988659,0.0023989382710856155,0.9976010617289144,0.0684623565988659,5000000.0,0.0,0.0,13692471.31977318,228207.85532955301,18692471.319773182,5228207.855329553,不能立即补位，但基准星座可承受单星退出
扩展方案：2颗地面备用星,0,2,1968,0,0.0709186781616,0.9315376434011341,0.0684623565988659,0.0023989382710856155,0.999943626880236,0.07086129486995152,10000000.0,0.0,0.0,14172258.973990304,236204.31623317173,24172258.973990306,10236204.316233171,适用于更高置信度或考虑额外非碰撞故障
